"shopId","shopName"
23315,TOKOHOBBY.ID
70139,Jean Priscilla
86080,SMARTSHOP 727
87842,ESHA MAGIC SHOP
89263,Alfatihah Store 9
91478,Trexcycle Indonesia
91675,JCM House
94622,Kiosku
102386,bfs123
104087,intense
104935,Longjohn / Baju winter
109207,JooShop
112090,CHRISTY  Shop
112468,lbagstore
114406,Adeline Stor3
115909,elfs shop manfashion
117323,Nyonya Karsih Shop
120770,Come and Buy
123014,NOBIKOM
123968,Galeri Medika
125604,Ahyumi Shop
126114,Sugaru Arena
128411,Rezan 07 Store
128927,girly.shop
136882,Radju Corporate
137077,Metsu Shop
143198,montespro
147714,M2 shop
151325,FanTasMurmer
152573,Irzah Shop
152791,Adekmungil babyshop
155057,SINGLETREK OFFICIAL
155975,Toko Lion975
157153,TheBestTrader
161622,Ivoryshop
162039,klikmystore
162559,Toko Ajer
163729,WIN SHOP SOLO
164600,Bangzon
165982,elltopshop
166533,SepedaLova
168294,diavorshop
168731,yalieshop
170263,BAJU BAYI &amp; ANAK IMPOR
180780,Serba Organizer
181269,Pondok Arloji Shop
185190,toko jam kimberly
196729,Oemah Herborist
200427,Istana Sepeda
204368,ogahrepot
209441,Lady Freya
210731,stereophonic
215830,nitawacth
218450,Mega E
219601,GUDANG1 Official
220042,Bismillah Store9
222513,Ayam Potong Rayyan
228349,riza astuti
229616,compassindo
231934,Eriza Butik
232631,Gravitasi Sport
239306,Barokah Medical
242300,Sehat Itu Rejeki
243998,Los Grosir
244641,jambranded
244797,HobbyOne
246424,moermer
248285,Dapur Adik
254716,VAPOR LAB
276888,Gesunde
281888,Chobzter Vapor
286215,MyRyu store
288080,R Supplement Center
292340,Nay &amp; Nadh Toys
292460,Toko_allstore
302198,Agen Jilbab Murah
313399,belanjamurahonline
314996,barangbagus
316578,depanlaptop
323770,Khansa Bagshop
326618,toko milenial nusantara
328002,ORTSHOP-ID
329413,jitu
330327,Shopping Again
336674,Maritza OS
340369,Sazanami Tape
342593,ABETS BIKE
351183,Bang Adul Lingerie
355386,Automatic Spare Part
357791,SINAR CAHAYA SHOP
362828,body odour shop
382131,Perwira Technology
382257,Baby Empire
397170,Global Beauty Shop
398143,Bul88 shop
403990,mr hahn olshop
405628,RAFFEL BIKE
409050,MONJALI MAKMUR
412902,Ardni 5758 Motor
416252,TentangOutdoor
418770,Solo Micro
419747,HWAITINGSHOP
421318,Fortunate
422438,YASUKU
427986,Rkaseshop
429490,nailyme
430514,DelishaShop
432294,roadcafe
435738,SEKOM ONLINE STORE
441242,BudgetGadget
447311,remaja_jaya
453511,aneka-arloji
470772,Rejeki Anak Saya
471150,ANEKA STORE 1998
471271,Red Bow Store
476812,AnnaBella
480169,Fukuro Distro Anime
480362,SEPATU BATAM
480498,Spin Warriors
484865,Global Warehouse Id
486529,Spu Jam tangan
487958,REJEKI RAFFASYA
488204,hamizanstore
489190,Gisele Shop
494920,depasar com
499976,Baby Cloth Shop
510696,hafami olshop
511488,grosir-spirulina
512317,maroonshops
514622,Devro
515094,Happy Buddy
516271,Faralia Shop
523936,SALISASTORE 03
529235,Gudang kebaya bali
542182,goodswoods
542502,OLISMARKET
542783,pusat filter
543687,Fast-n-Cheap
552531,Eternity_Shop
553817,Galeri24
557839,Chipa&#39;shop
563286,dBen Shop
565871,donicova
569063,GERAI24
592131,Run And Sport
592907,Kayumas Bike
594418,cakrapratama
601004,Tumpu Mart
619044,DANUKEBAYA
619845,auto33
626433,Klikoneshop
633964,Quad Outdoor
635353,Bani Center
640103,miracle lee
645655,Indo Auto
648553,"79 Pomade Shop"
650171,Onil
654588,tokotokah
659574,Nyentrik Workshop
661698,Lingfach Jersey
664644,Gadgetgue
669702,WATCH OL SHOP
680946,Halteukicks
685940,INDOMEDIKA JAKARTA
690657,@dmixshopusa
692092,beautyofthai
693978,Go-Hijab
695667,domelton store
708790,Sekawan Sepeda
723607,Rain Baby Shop
734994,jjieshop
737210,EXPLORESHOPP
741093,Jaya Mulya Store77
745925,MEZZA MARKET OFFICIAL
747588,Sokku Apparel
754179,Fast Furious 7
756285,SELL2YOU
780605,gatotkacaaero
789161,Sang Ratu Kosmetik
789724,Grosir sepatu Caterpilar
792753,MACHOO
803647,maeucu
811699,Sica Art
812334,Belanja Cerria
812779,JEANS IMPORT
816721,Tiark Figure Shop
824445,mandjur
824449,Cantiggi
827531,INKA SHOPP
835769,Mamade Agent Surabaya
837884,SQUARE 3D INDONESIA
841112,Cars variasi mobil
844685,GemaNusa
848069,Gudang Militer
849566,VEZKEY ID
862346,King Felix
862644,Ayung Sportindo Malang
868280,Baby Shop Adasista
868782,ROBOCOMP
869738,Jember Sport
874292,Poko Tots
884447,Prima Tools
884520,ZIGMA COLLECTION
893207,Edwstore
893208,"25 Accessories"
897132,Gracia OS
899080,alatmedisno1
899460,GUSh
899742,Destroyer Brave
900787,Aldanie Store
912364,BKV Jakarta
929087,DZ-world
929881,TB.Mutiara Jaya
938975,RAP-EO
959867,WHITE ALICE
961736,TAS KOPER SENEN
964084,toku pedia
971477,Toko _Murah Rezeki
980411,Anugerah Olshop 77
981873,Good Miracle
982749,Maju Lancar 07
995059,Green Soris
995439,NIAGA-CENTER
1005787,Haruko Fashion
1011119,niedie
1013930,avverous
1023811,DETIKWATCHES
1043410,suakan
1049155,Orchid Cosmetic
1053057,Nagamas88 Telecom
1081225,ENDLESS LIQUID
1081289,Ell Boutique
1090971,ceria online shop7
1092981,Tas Vision
1101789,rahmatarloji21
1105213,ZIPZAPMALL
1110193,Neo Bag
1114474,To-serbaSerbi
1115034,saw style
1115838,taitung 97
1117214,Oma Rafa Shop
1119884,SaleFootball
1125794,jojo10shop
1126680,BundaAleefa
1128010,Calyas
1139264,pingtung
1146185,Global Outlet
1149357,Jakraft Indonesia
1156319,NARAL.Store
1159072,stuffanimegametc
1167392,Sido Muncul Store
1167822,fisio alkes medika
1180724,gradesepatu
1185923,BERKAH PRODUCT Q
1186468,Richiie
1205464,sugeng watch18
1205733,Bulanstationery
1207741,@championstore22
1209556,OS-olshop
1212246,Case Everyday
1212990,homeshop123
1217314,Jakarta NetLook
1223548,WEDUS GOMBAL STORE
1227911,Toko tante Susi
1229259,Annishopp
1248802,Nusantara Medika jaya
1265597,Zona Zet
1267265,toko galuh saputra
1267554,TRI WISESA
1271035,artvizu shop
1292507,Gumelem shop
1293005,Kece Group
1293359,WRH SHOES BANDUNG
1315857,EDC Online
1318983,XABOELSOAEP
1319072,SABRINA TOPEDSHOP
1326437,JuraganBatre
1343455,antifootwear
1357414,Hobbies_store1
1360965,pahlawan kerja
1362114,TA COLLECTIONS
1374751,Jam-Murangkalih
1380311,williamandy
1384308,rukman fotwear
1390658,CSS1688
1408582,Sunsea Shop
1409074,Nona Garskin
1409497,Hareka Store
1409714,MEGA NATHAN
1421292,TAKOSHI OLSHOP
1430195,CENTURY HEALTHCARE
1431606,Aira 88
1433353,Timur Jaya88
1437619,viddi_balastore
1438973,Hi Store Accessories
1441307,chengdu
1446470,Jek Store
1446574,dfanccie house
1450930,office casio
1459537,Enigami Gift
1469567,"7 years"
1470763,Digital Jaya
1476988,ellen olshop
1484250,Maju Mundur 88
1489716,EFAcollection
1491829,Eunike_Fashion
1495113,Viekoshop
1496020,icomp jakarta
1496797,Asni Sport Colection
1500857,SECCOM
1509181,Racmmer Indonesia
1515046,rindu berkat chemical
1520457,toko berkah kita satu
1522668,Central Tech
1536709,Syafana
1541463,Yunaielektronik
1541773,OneStopCleaner
1547685,Rochmatika Shop
1551177,tokoela
1560206,Kacamatanet
1569628,h.store1
1582509,BONA BIKE SHOP BEKASI
1608483,Solafide JKT
1609452,tokoayra
1622341,Prima Supplier
1625101,Sabani Online Shop
1630187,Yesx Shop
1665045,ADARA SH0P
1668883,tmcstore
1670917,One Solutions
1673118,Medstuff
1680089,vitaminmurahcom
1721312,Fantastic Pedia
1737819,fashion four
1740202,jimmyjazz
1742096,maxman
1742768,MAOstore
1780041,LALA ALLSHOP
1787501,Davin Sport
1799091,AKDW Shop
1802027,Qierana Shop
1802197,TRANSMEDIKA JAKARTA
1805637,Adi cell88
1808013,Toko Revtech
1812816,Onyon_OS
1817101,arul phone shop
1826654,Tekno Grosir
1835753,Vita Clein
1837823,Aroe goods
1841822,Compass Outdoor
1843345,CycleHolic
1843785,toko25jam
1849778,Kapten Sangun
1856858,Blacksmith rack
1857987,C&amp;C Store
1858878,thesurveogear
1864065,CV Kasih Ibu WAREHOUSE
1868571,Cicalengka  store
1879871,Baby`S Stuff
1883930,(official) Dunia Cover
1886039,Karwojakarta
1894544,cringcring88
1900934,Gitengh_Store77
1903851,uman
1907640,J2 Angel
1914729,AIRA VIP
1918610,Braders Shop
1921447,MICEL OLSHOP
1930916,WIRDA MANSYUR
1936989,jieshopz
1957046,Go Green Shop Jkt
1962208,Bahagia Pharma
1966255,skizostoree
1966371,LapakHarja
1972851,CAHAYA ABADI JKT
1988847,PRODUCTION STORE
2029001,KnK Station
2041415,PlayHardID
2053533,Khanza Collection
2057042,LBS On
2074242,akmala sport
2102052,INDOHITECH
2108090,QuLMart
2112217,KALILAH SHOP
2112238,OLSEN OUTDOOR
2114547,AsanBuahFreshFruit
2121986,Pikuba
2153052,Pay - U
2156280,ARISTA69 SHOP
2172607,OEA
2176335,H2S_store
2181377,Raja Grosir Sukses
2187349,Onlynehope
2197460,syaqila oleh oleh haji
2198137,FoundToko
2201058,Spinner Paling Murah
2203481,Grosir Sandal Awet Murah
2214203,IMPORT I STORE
2221280,ReiCS Shop
2222485,wieloo
2232878,beauty faizah store SR12 Herbal
2248237,PELITASENJA
2248756,Blablablah
2257659,GREATsafety
2258544,BAGGI
2261538,Joss Pedia
2265255,NicaSan Shop
2268597,Padisatu
2271088,das technology
2271468,mibeautybar
2283046,Hepiilee
2289224,Sukses Mandiri Electric
2296753,KerenBeken
2310912,My Cahaya Electric
2311363,Pingky store1
2321646,Gagapan Bali
2327279,Top_BikeStation
2328330,billpalmer
2330780,kebaya cicy
2332663,Roketizen
2339425,MAHKOTA MONEY
2340589,tokoenamsaudara
2378235,Mercy Gloves_17
2382364,Amio store
2387724,Unik Jaya Shop
2394415,Jakarta Project
2397560,MOOIMOM Official
2398346,Rumah Alat Medis
2401924,Qrisan
2406692,toko air
2409287,exxo
2410678,saybee
2435547,Radim Shop
2438060,Aboutyou Shop Official
2438687,Medis Medika
2441260,nozry
2443489,Taskiplingckanello
2444234,Packing Needs
2451181,apotek finda v3
2459020,Herbalpedia88
2464566,Uni Kokuyo Official Shop
2467337,WACO STORE JKT
2469321,ghibran ass
2471155,D&#39;Accessories.id
2473216,KK_Alfa
2474935,Cellosh
2477802,tookono
2485335,rafnia
2506421,andistore99
2508220,supplier_baking.mufid
2511050,ATK Pasar Pagi
2524565,CV Importindo Bejo Mulyo
2524697,munirshop9
2539622,olshopgiones
2561933,Korshope
2562929,Nyari
2565753,Toko_Madju
2579275,herlansd
2581119,Info lengkap
2589222,KAO Official Store
2589297,itu toko
2604303,U.Store
2606399,Adha Shoes
2609860,Ulin Barokah Shop
2625331,FNA-Alat salon Kecantikan
2637351,SY BIKE
2639794,tokogeos
2650979,Reygan Shop
2653473,Grosir-Barang Unik
2655239,ATK HOUSE
2655909,BLOVM
2662252,One Of Kind Shop
2664820,aadorablethings
2667996,HQ Stationary and Packaging
2671075,GoodsSupply
2677088,Second Chance 898
2696912,Shelvi Ra Store
2698824,Herbal_Indomart
2700816,raina kurtaOLSHPE
2701803,veronica shop
2716863,Toko Optima Pride
2732812,Kickers wanita
2732940,SEPATU CLARKS
2761004,Amole-shop
2761227,Arames
2762775,berkah olshop 24
2772106,AG.Shopp
2774850,Jawara Grosir
2777215,Jason Store 21
2782236,Jilbab Instan t
2792603,BAROKAH-BEAUTY
2805151,Asia Medical
2808652,Yumar Store
2824372,SR12HerbalShop
2830834,MEZZALUNA_SHOPP
2845885,X-POSE
2850311,Zikry Abadi Teknik
2854998,zona 8
2855166,Garasiqu Online Store
2876284,PRISMA JAYA MEDICA
2892180,mikimikuhouse
2893859,Juragan kaus kaki
2895308,Beauty N Healthy SkinCare21
2900314,gowesmart
2904174,Cico Toys Id
2904874,Toys for Luna
2907766,"1st gloves"
2907916,Gardenista
2908650,Yamaha Pro
2914632,Hiji_Shop
2915632,HobbySport
2916937,hittastore
2919288,Jeng Rinda
2922500,dezzan
2928683,Mama ZEE
2930660,toko sepeda hokie jaya
2930955,zikrii
2938605,S2SOLO
2938694,puput1 shop
2942498,Warung Saudara Shop
2943433,indofitsurabaya
2943509,Fany Baby ITC Kuningan
2949174,Prety Grosir
2949890,ALKES MEDICAL JAKARTA
2950026,Yiling Online Shop
2956448,Sanjaya toko77
2963293,K&amp;J STORE
2971764,Alat Ukur Dan Repeater
2990192,kilosierra92
2994641,Rejeki Sparepart Bike
3003167,duadus
3007135,Sant 050
3007257,Auto Kyim
3007768,Tukangsapoe
3007877,RAMADASTORE 1
3013898,Venditionis_shop
3023215,Mcm Racing Exhaust
3023775,KIME STORE JAKARTA
3025622,Bakul hp jogja
3033479,jaya.atk
3085198,"4-Riders Store"
3087813,amanda shopppp
3120837,Global Mart Grosir
3131433,Mogen Group
3144705,Byron Official
3146853,durenboks
3151459,kenken77
3154421,Bintang parfume2
3156645,Robbiatul Olshop
3162909,Ezzy Connect
3163189,BAESO Official
3199723,Agen Star Big
3211386,DOLLAR TEN10
3215598,Zafira &amp;amp; Ozora
3228561,Lunaire Cult
3264079,omedic
3284016,Astra Otoparts
3306273,Mamajoy
3321154,StarStore Tiga
3353477,PUTRA BUANA S
3413108,Beauty manisah
3418921,CV Alsaba Sangga Buana
3430882,Lazadudd
3432648,MAYKEN shop
3433160,MJ Baby Store
3451498,OTOSPORT
3483292,Sabrina Room
3485442,KumpulRejeki
3496952,JariJari.id
3510919,EL_NINO SHOP
3517738,Sunway I Love Bike
3521444,ochol shop
3571411,MTB IMPORT
3577157,Maxmillian Store
3578254,AZZA OFICE
3580759,Bom Acc Depok
3610273,SiZta Corner
3627876,Alexi Jaya Com
3631419,STAR-POINT
3634350,Luxury88shop
3659902,Konimex Store
3660534,EntertainmentFG
3660896,sinar_jaya_cycle
3673057,PlatinumMall
3696483,socks distro
3700826,CAHAYA TIGABERLIAN
3702088,Rockbrothers Indonesia
3734672,HARRISON_Kota Wisata
3753214,Technesia
3768679,Portibi Medical
3769817,Gerrstore
3772692,scmpackagingjkt
3777832,Amber Shoes
3817359,safiyastors
3823665,Nau Label
3831002,frytechid
3838553,A N SEAL
3852501,GLOBAL CREW
3854361,Dr. Pedal
3895398,Fannynails
3910184,eL Mar Baby &amp; Kids Wear
3940243,IM MAX
3948012,Maureen Integra Store
3951285,Laris Rame shop
3955951,YO LANCAR
3972012,LEEGRANDEUR
3997686,ranahi store
4011222,Wahana baleo
4016755,Phylo shoop
4022924,Apa Cari Gan
4088361,bikepeak
4130207,ALYA JAYA MOTOR
4177345,Babyzania Express
4182270,shop fittings
4196564,silicagelstuff
4209716,TheJayakartaSHOP
4228432,IVAN ARMADI SHOP
4253767,Utopia Indonesia
4274331,Sens sans store
4291466,AnnaBatik
4304361,kairos-olshop
4336606,yusanam
4366546,LIBABY STORE
4380745,Maple Surabaya
4389066,Gadget Therapy
4431309,Lakuge
4445065,Laris87
4447922,PasirPutihShop
4449250,YW Online Store
4460427,cocomango
4464681,mokamelon
4472008,WEIRD STORE
4472038,Hyuga Sport Jakarta
4472614,Fathima hijab
4525816,Pikowa Shop
4581462,alphaomega shop
4593618,Street Drift
4606258,Laris today
4606821,Kuro-Shiro
4626426,Diet Sehatt
4659097,Amiin_olshop
4667894,Savior-Store
4680970,carven mart
4690853,Asisten belanja
4696599,bbakulsepatu
4710428,DN INDONESIA
4727308,SASANGKALA
4745224,Marquerite Swank
4775533,hamhampyo
4822296,PELANGI HARDWARE
4857896,FranceProject
4867925,Domain Ollshop
4903659,Kemeja Mumer
4912992,bidarastore
4937689,GNDS Online Shop
4939711,indo data 12
4943143,BAROKAH K9
4957768,Aning_Shopaholic
4970590,Nisa Adila
4996364,seruduk
4996489,kurnia jaya 2
5005335,Pram Storee
5080270,PUSAT ELEKTRONIK STORE
5097094,Leonian Golf ID
5112608,Buku Sabun
5119494,Dewi Mabuk Dua
5134930,Hiro Teknik
5155913,FEEMED
5159987,Toko Teman Anda
5172334,Oxygen Store.
5214903,Chlorica-Official
5231094,KhunfaShop
5231659,TonnyKurniawanShop
5233782,Silkygrosir
5236501,vinn mart
5240450,INTI MEDIKA STORE
5240990,TokoTuan.ny
5246397,VEGA SH0P
5254556,GadgetXpress
5256921,Grosir Laris Berkah 77
5256978,ADF Jaya
5267424,SHIELA RAHMADHANI
5294458,Awanimo
5318651,Lapak Grosier
5328030,babyzania-id
5343439,papijang
5343968,Quality_Store8
5346636,cstmaya
5370716,Bos Fik Store
5418397,eka_collections1
5433670,the_best_inpor
5433737,Mila Nova Liza
5441666,Qinara Shop4
5458457,mikaonline
5472572,KS Health &amp; Beauty
5473068,EROGAN FOREX KLG SOLOCO
5487542,-SALMA SHOP-
5547049,New Pro
5547439,Arah Environmental
5548121,efef shop 2
5549554,Kedai Panjang
5550016,CaseStation
5554437,Hobby One Specialty
5559570,SMILEYYY SHOP
5563629,Vantagi
5565306,FHS ID
5566475,fiazaa
5599394,ukirankaligrafi
5626583,Burung Love bird Kenari
5644912,Instagramart
5652721,Tas Slempang Ransel
5678489,BoboStoreku
5694620,Baby Bungah
5698177,Kenz Baby And Kids Shop
5758559,Garnier Official
5788569,PACE AND RACE
5804122,sinar foto
5805865,cahayashop0856
5809037,NEVORAMA SHOP
5820736,Danaumat
5820898,Hey Men
5837060,Bella Dwi
5872184,SG QUALITY
5876060,Nice Fashion.
5879526,damarz
5890316,IDN Home
5892660,TOKO MAUKU
5895701,ivan87
5907469,arenagowes
5942673,Rumah Letisa
5953447,DeaLjavu
5954756,SR12 Herbal SKincare Jakarta
5966329,bee_strong
5976473,SinterArt
6003025,bendera merah putih ku
6016908,SANIFURI
6021733,TEDOmise
6024220,Kebun Tekno
6028913,ikon fashion New
6031935,Amelia Christiana1
6034722,Cahaya Cellindo
6047001,sunny.store
6111557,Cakung Importir
6111604,TokoAgustinsukotjo
6111631,Toko idarmawatyd
6121277,Json Shop
6148656,ORIGINAL By SOPHIE MARTIN
6150553,"008 Mall&amp;#39;s"
6161547,gendutshope
6164959,Hobbyfit &amp; Beyond
6182605,kolomongso
6191923,Mega Bike Jabar
6200768,CV Suro Importir
6209296,Lestari grosir shop
6228567,MultyTools
6229889,Vinz Tech
6234089,gwpunyatoko.id
6242855,Rubra Store
6249750,erizababyshop
6255768,jizzyy store
6259119,PastiMureh_com
6261182,hamzu
6265189,ElinYu Store
6265346,Sepatu Yuli
6265623,DWINA EXCLUSIVE MALL
6268678,Assiiaapp Store
6308138,TITAN GEL TITAN GEL GOLD
6315032,SSMEDSHOP
6323621,IM Green
6324819,jjj lovers
6343389,EFEFDESIGN
6347506,Oll import90
6358271,shintiaolshop
6379603,Muhfadipa
6385502,KinKay Store
6418150,kurtuku89
6421637,Apotek farma medika
6426593,Cussons Official Store
6428470,Apotek Palapa Tangerang
6433637,aleciastore23
6440982,vionadamara
6447679,Eren&#39;s General Goods
6488835,rumah-fashion
6494818,PangLayShop
6496689,RumahaccHP
6499138,ilovecoklat
6520377,Harmoni store Dn
6526539,indoshare_id
6544362,Ananta Shop 88
6545639,Alfreda CO ID
6548752,Risank Store
6552274,BEST IMPORTIR
6553442,"168 Mall"
6570363,gosyu
6580344,canti_home
6580744,afika_sh
6591784,Zanna Acc
6592542,PUTRA1 STORE
6596421,ASAROBAIK.ID
6599421,Build a Bike Online
6605811,KENTINE BERKAH
6612723,HANEUTAN
6613186,Anco Wulandari
6616423,babystar mk
6616425,CV KOPI GOLD JALAN
6623273,ASTUNGKARA TOKO17
6623300,Valentina Choco
6623957,Larisss 888
6624024,Vivi Yam Steis
6624029,Wardah Gae
6628688,pinpon allshop
6632773,GIBRETA GLOBAL SUPPLIER
6635299,lizavave
6638475,mulia 09 shop
6638851,Bobs Stars
6664050,ipunggantengtronika
6678211,SEDULUR 88
6682602,Caleida Shop
6689840,Cacha Official
6697939,Bestimportchina
6704029,warmus karomah
6705481,esther swesh
6706417,isabeau
6706455,coralee budiman
6706482,ceneria ceria
6708152,judith home
6712898,GHAISAN ONLINESHOP
6713089,Liseta Official
6713245,seraphine kubro
6713326,BarcodeMarket
6713614,malisande
6715093,mathilda foam
6725594,nan hoam
6725600,natalie-ass
6725698,sebillena
6725713,talle santia
6725851,pristio
6725862,rachaele
6728224,rindadayen
6728226,samengodd
6729059,Medicalogy Yogya
6744921,MADU RUQYAH GN TIGABELAS
6750495,Apotek Sumber Sehat
6753635,HIDUP JAYA SPORT
6786684,eido hoam
6788315,Serbagelap
6791037,elenitsa home
6792434,eusebia-sdm
6793738,fidonia
6798846,gianna foam
6804723,rumahaksara
6808408,hazkia sh
6819512,BaliBersepeda com
6833561,kae-y
6833764,jelinda
6837335,Rose5tore
6843190,BEBIBURP
6848247,Apotek Mose Sawah Baru
6850105,MEDIZONE
6861500,home fashion1
6877269,TREND SHOP 99
6888570,melly-tre
6889266,iNt Gallery
6890099,Gessaf Olshop
6901672,Selecta Storee
6904554,pokemon air2
6904559,toko majiu
6911759,Rockbros Bike
6920459,AG Aksesoris Handphone
6931301,SR12 STORE ID
6940149,HOT MARKET OFFICIAL
6948027,SMS STORE 1
6948044,rara ratna store
6948053,IMELDA JAYA SHOP
6949041,Nivaro Store
6953286,Montir Andalan
6953571,BELLA_storre
6953576,HANA GO SHOP
6953588,J U N_shop
6953651,KOHINNOR
6953655,G E A _ store
6954172,K.R_STORE 09
6963286,DESTRO VIP
6965329,BIGBOSS VIP
6965699,RARA VIP
6965709,RUMAH KITA IMPORT
6965712,GOSTARS VIP
6966142,FARZANNA VIP
6974112,NDANG MAMPIR
6983344,Global Herbal Indonesia
6984757,ZYK Store
6988527,Toko Idamanmu
6995363,fayakunshop
6995419,one shop only
6995702,SIMPLE STORE19
6998677,Faisal Toserba
7017032,SUMBER REJEKI TINA
7017974,Octomart_
7021519,Zenta_Store
7022869,TERNAMA STORE
7023090,KASIH INDAH SHOP
7031173,sinta mark
7040019,Mugi Mampir
7040546,TokoAndikaYK
7041229,jalilrecing
7066311,Online Shoppers
7072664,OkMall
7079975,mie tektek
7083068,Fixbeli
7083506,De Bakulan
7091868,GAZHA SHOP
7103954,Sinar Makmur Kreasi
7104168,VICTORIUS007
7105362,CV. Sinar Indah
7105403,Saskia M
7114543,MixShop88
7130904,P.D cahaya alam
7137733,Golden Victor
7148442,JRSUKSES
7148843,DIGOO STORE
7150925,PROMAXSTORE
7151095,JAYA BINTANG ABADI
7155835,Ozon Bike
7161141,Miwa Toi
7165152,rosenoona
7167283,Dhamira
7173374,TB MUMTAZ
7182402,Unix Sale Bike Shop
7214567,SC_Collectionn
7227192,X Super Store
7242028,Sido Mampiro
7245481,risca4shop
7246547,funireindonesia
7259743,VIRAL KAN
7261628,CV Mucika Importindo
7264018,Ironamono
7265049,TwentyFive ID
7267342,HuiranSHOP
7272572,Tentant Store
7281051,MataharisOriginal
7294611,Apotek Tower Farma
7316930,HappieBike
7320089,Pinky Galerye
7326347,BossMen
7347520,FATIMATULK 3 SALE
7355760,pelangi_14
7368624,"74 SPORT ID"
7371514,CossidoStore
7378111,Five online
7389448,Ramenemen Official
7389463,Djoko Susillo
7424887,TRUSTED OFFICIAL STORE
7425680,WinningSport
7426784,Milanisti507
7437996,arisyastore258
7443489,Rumah Khadija
7450783,Ollaofficial
7463076,QUEEN SHOPI
7464750,PUTRA MANIS
7467990,KedaiMart Official Store
7483226,Trisna24
7486031,ps selok
7491876,Day Corner
7496459,Sandi Shopmart
7496663,Glemboh
7497366,Mata Elang Store
7499831,dMarkas store
7499906,JALAKA
7500147,Soyosa
7511476,Gemar Sports
7521228,hello say
7524251,Bebefast Cosmetic
7524305,Gudangteknologi_id
7532621,kurakuralimpol
7539519,toKO-KOmurah
7546882,Toko sembako Gaol
7551232,Xis10
7607090,Arjuna-Mart
7607145,Namiremart
7621015,Jayabike01
7623588,LUCKY SEVEN.
7626221,JANOKO ONLINESHOP
7639609,SUPER MELON 2
7650654,Jayaolshop99
7651192,HARUKAKISTORE
7651593,DJOKERR
7651982,Great_Tomorrow
7675451,MY QUEEN1
7687348,SUKCESO
7704440,DTRKNNK Store
7705551,CuztomizitID
7719476,MAINTAN
7729013,Ravamo Store
7731998,cherilbaby
7740770,Toko Rennita
7755461,HM Hardware
7757325,vinadual
7795080,SIREGAR_
7814008,HENDIKA SHOP21
7829680,braja global
7830468,muncul indo
7836952,RUMAH CANTIK 264
7859371,Lariso 66
7863150,Dapur Ekspresss Mak Kinan
7876366,XPDC BRAND
7876915,DAPURWANGI
7880307,HariHariKaryaBersama
7892227,Wuling Toserba
7902830,FarmasiOnline
7910402,mamannn_store
7932470,Al-Fazza Busana
7936983,indo motor baru
7939725,SELY57
7943369,Dailymask Beauty
7944462,senoritaa
7946861,StylinGoods
7948937,Topera
7956080,Aulia Stor
7956274,Aquarius8
7959067,Chipscomp
7959680,Rihana77
7960127,Xoxomarket
7961975,Shara1
7965491,Kian Aksesoris
7976732,POWER FASHION
7978247,Yola Storage
7978328,Der Mond Store
7979337,mommy delynn
7997831,naturallimits
8001923,adamjaya_
8014118,LK Laris
8014903,NEMU ALL SHOP
8022853,Avatar Toserba
8027932,BETAWIASING
8036911,haribawa_store
8037757,Laris manis21
8040079,SRI REJEKI69
8059247,CiketakJayaGrosir
8064111,SURAISE76
8064462,Pilgoods
8075553,BAKERO STORE
8093039,KINGJOUR
8104308,gabriel_17
8119516,Izzaty Baby Shop
8134419,YUES SHOP
8148138,Apotik GL Care
8157830,PINKPOSEY
8161382,ISLAND VINE
8181558,MORTOP_STORE
8189208,sijang
8203262,moja_clothing
8203995,TokoBejoBKD
8206625,septha_store
8212649,Murah Sekali Shop
8213248,selawshop
8214516,basangan296
8216463,wirosablengBKS
8220134,Bintang19Store
8222383,Happy3266
8224075,Muawanah online
8224768,BAROKAH URIP
8228366,ditoto_shp
8239776,Haciroku_Store
8246177,rifalshoes
8253767,cantiksehatskincare
8282229,chekpoint one
8286580,Richie Best
8291074,"19Market"
8303049,titi133
8307533,O&amp;#39;Toko Online
8334204,Bikers OfficialStore
8335482,TokoSiKhokho
8350068,HIKMAH_JAVA_STORE
8354775,ORIGINAL STORE OFFICIAL
8378869,cenaoqueen
8388053,Wingunstore
8395855,Arfa_Sstore
8402139,@Anavrin
8405275,E-PAYMENT.ID
8414784,Nugraha_Official
8418894,PT AOMA Prima Medika
8427618,D&amp;A Mart
8428093,Karya Agung Sulawesi
8431914,KING JIM SHOP OFFICIAL
8438637,Oktavia Store34
8440763,Warga2+62
8441408,rujito_toko
8441474,dwisaputra_toko
8441508,gungaji_12
8451051,sambaladoDSTORE
8460314,prapto_mulyono
8461624,ENJJOY Store
8461748,AigooStore21
8488819,UD Krisna Abadi
8494350,mart sindi
8497384,viangb
8515628,beesmartofficial
8516012,Seravee
8516788,NATHAN SHO
8523552,REJEKI LANCAR69
8523675,Mugo Mugo
8524216,Jupiter69 Shop
8526891,JONATAHAN
8536052,SOBOLANGIT
8543011,Kunam Balap
8549209,ZiloongStore
8553726,ladang atk
8556191,Altra Wing
8556251,Marshall Altra
8556261,Altra Land
8558049,Fourcart
8569543,Lariinyuk
8588295,Rain Brain
8590679,LA Daily Outfit
8593581,TOP CER STORE
8602098,BAGUS MURAH TEKNIK
8602659,Flowersmoon
8607300,julies jaya
8609105,Roment
8609227,Rivalmen
8609424,qoricolection
8612422,Honeybee Dera
8613208,Rey Medical
8618884,Rivador
8619785,Langsaa
8621514,Sellow
8625257,HousepartBox
8630923,Safeme
8640121,Banurasmishop
8642071,Ortodok Shop
8643191,SCHOL-STAR
8645876,Toserba-Amanah
8655021,JAYADRATA SHOP
8660608,store883
8662021,Cindysue shop
8666106,Qhia Store
8678319,Alanas Shop
8679527,Hoirith
8699520,Papamama Baby Tangerang
8705913,Everything Home Store
8718084,toko ojim
8723903,AzaliaStar
8723960,GinzaMart
8735173,Aspires Shop
8741810,fafa.
8748673,Zhaff_Lab
8760023,zahran_store
8761952,Cobain Dongs
8762123,Bike Garage.ID
8770975,DagangSat
8775897,Terminal Man Store.
8808217,bumbudapur_family
8815595,triplesixfive
8816884,TOKO A S M A
8818772,IDOLA ACC IND
8838920,Jannah ID
8845041,bright01
8845073,Smart Living ID
8876689,RakimSon
8877124,geserda
8878064,KENIKOSTORE
8886219,Wincome_Store
8920699,Sunny Sunshine Mart
8941878,R E STORE
8955515,Makmur_market
8970508,Gemez Shop12
8972856,Lavande-Grosir
8976335,Lilsky Id
8982697,Speed_Junkie
8996809,zahira qu
9000920,Felison Bike Shop
9005468,Adz grosir
9005985,LilSaint ID
9007644,JIPD MALL
9011850,ourshopnow
9012173,Generik_shop
9015221,KIMMIE STATIONARY
9016345,javanica collection
9017932,Staven
9020293,Erniya alkes
9022506,Ozmanstore
9024833,OneBike ID
9048779,Zerophase ID
9064252,Misqi Store
9064769,CV. Avore Store
9084712,Wirastore14
9085891,ESN WAREHOUSE
9096559,ANOIRA STORE
9104557,Grosir Atk &amp;amp; Acc komputer
9111994,megagalaxy_mg
9127217,La Bubbles
9127557,Maxxiebike
9129094,Dimension_official
9140722,Autobikeid
9145553,Rockbros Official
9151632,namumu
9164262,FaritmuhammadOlShop
9165586,CLAN AksesorisShop
9167546,DREAS_ SHOPP
9174905,AmanahBigStore
9176344,Khoirul Azhar Store
9195435,gowes id
9204981,Bonanza Mall
9237501,Canary Bike
9240935,Hrvey Leather Goods
9252851,Dr. shop_id
9256905,SERBAMURAHLENGKAP
9257207,Sellershoppedia
9263800,Ben10_storage
9268663,Link Alga
9279833,Evan Bike Shop
9285864,electromagnett
9287664,Tara Sani ID
9289595,CV BRILIAN LESTARI
9302961,Levin Mart Sunter
9306422,Rocket Think
9313323,Tsaliem Group
9313977,Sabrinn Mark
9315393,MASKOT9
9319204,PerabotRumahku
9322520,SvkaSvka
9333346,Loji Dikari
9349406,Mangga buy
9350488,Uhuy Aja
9354156,Ivyanda Shop
9391906,SevenSkyStore
9404336,Ameera_Store27
9418276,webhe store
9423455,kafabillahsnack
9425699,MallBalder
9425842,Benoit Computer
9428203,MIA Ragazza store
9432555,SERBA MURAH DJAKARTA
9437784,Arus Jaya
9442625,FittoBike
9448139,sembako murah9
9458845,Dailytoko
9472624,Connectstore_id
9484355,wem acc
9501847,bidvanastore
9509124,Apotek Mose
9516923,queenstone shop
9525924,jeraretrem shop
9536920,K24Sampangan
9543579,Zeen Gallery
9543624,Joee Collections
9543703,Noec Station
9543751,Makers Store
9543799,Rising Starr
9543846,Precious Impor
9544597,Cloudnine Garage
9549584,Aseps indo
9555320,Hikmah Pro
9558983,Elyathan
9570364,kezaku
9582885,Okeoce-Marisa Toko
9585514,Twinwil
9599579,HWStoreID
9602701,Sovie Akse
9605411,ziyi olshop
9610824,Asjad Electronics
9633872,NewWorld Storee
9634361,Rhino Space
9634501,Shop Homedecor
9653729,yanyul store
9660193,CV kasih ibu
9667507,Up 2 Store
9669058,Rosario Official
9671856,GUB Indonesia
9676121,derras shoop
9681194,WellLogging
9688883,dwi_shop12
9712135,Kalsedon INA
9718413,Gudang Budget
9720330,KHASAN VVIP
9729680,PRODUCTIONSID
9736892,Vaniadhea
9747928,ceriamart888
9750632,murah meriah shop 09
9753772,altona garage
9756900,traine23
9760434,bunga store 09
9764812,MECCA 19 OFFICIAL
9772787,G&amp;#39;R Store21
9772951,LuckyStore95
9783262,CGKBDO
9783674,RajaGrosir727
9791499,ponco warno
9792164,sakinah-star
9801746,Apotek Tobersa Medika
9806453,MARSUPILAMII
9807817,Bahagiaraya
9812873,Pienar Bike Shop
9819947,barokah store46
9824910,Ganesi Hobi &amp; KOLEKSI
9837106,Profit Berkah
9843420,Mimic - Biken
9851573,KEAJAIBANDOA store
9860529,akay iyoi
9886789,Arsuxeo Indonesia
9899068,Moven Shop
9899127,Sevel Mart
9909660,Gemelia Store
9916117,Familytoys2020
9920030,Jihan18 stationery
9928255,Azzafran999
9941443,Permana_Shopp
9952756,BuyBez Collectsy
9956591,majestic official 01
9968244,Mix Savage
9970611,Lingling_Kosmetik
9973739,Madot Market
9998223,ROCKBROS CYCLE
10001538,Studio Place
10014241,AliciaBike_Shop
10038647,YoMart88
10062238,BudStore id
10076967,Epidot Store
10077490,Galena Official
10082158,AgenNasaClara
10082853,Tonasa Persada
10093095,DIKA ST0RE
10104672,Mak ipah Berkah
10107515,RajaShop-88
10114928,sansshop99
10115317,TokoMu_
10142806,Smile Store99
10147728,Light Sport.id
10154788,MADAMPAPI
10156463,MOLEJONE
10164954,Razzaaq Store1
10166314,MatiinToko
10179839,LUXURY SH0P
10189633,First Stand
10196403,Stone_Market
10222597,CAIRBULL
10231486,ROCKBROS OFFICIAL STORE
10239317,FatimahP
10245773,DailyBikeShop
10247151,Nabila Ratna
10258848,"127BikeShop"
10262001,seraiwangi_
10265786,Tokobersama21
10270306,Sekret Hero
10271620,GRACE SHOPPPING
10272365,GOLDEN RAMA
10275814,zivanya21 store
10276658,Rokatoska
10277256,Delviano Handmade
10277620,Bikeley Market
10282328,Victoria Berkah Indah
10296762,groecep
10298200,ER_storee
10317682,Bikestop Indonesia
10322743,farida store_
10333348,TOKO_VITALITAS.
10346573,Rayyan store9
10347850,Ghanim Shop17
10361370,mulia store 09
10375564,Elephant MinD
10391500,ZEN SLIPPERS
10408431,Bibit Promo Murah
10417079,Lyberta
10421092,monascity
10424354,Alfazza collections
10424574,Ambon Mall
10424640,Abymanyu shop
10428345,Dona Barokah
10435721,jaya mulya online
10437214,Arieleza_Store
10442393,Black Flame ID
10450120,Sinar abadi99
10450347,LOGITEC
10462337,Qbig Store
10463517,TRUSTIDEA ID
10470164,TBU STORE
10483122,powerstore.
10487970,MARIBELI ID
10504534,ALISHBA ID
10511499,Feriha ID
10518258,Qirania Store Jogja
10530902,Bhakul shops 93
10532876,Tokonline_id
10548003,Agan99
10557412,Asia Citra
10561962,Moora&#39;s Houseware
10570190,Deliveza
10570633,UMEILA
10581660,GO-WES
10584734,PD SUMBER BERKAT
10594243,CherAtelier
10595100,CahayaMedica
10595404,KOLEKSI IKAN
10599353,sijangkung
10600972,Cnr sport
10604186,Asli Ada
10608939,Jual Beli34
10622537,Shikasshim
10630517,ozon_shop
10641814,Basuki id
10675300,makna sho
10675337,jasalo
10679944,Hayyu Store1
10687937,AULIYAH__SHOP
10711403,mrcaisen
10715691,Waasi Store1
10723699,RedTulip168
10735760,Jamii Store1
10750123,Nafii Store1
10755680,LAYER BIKE
10759572,Online 2021
10774834,Dunia Waktu 24
10775007,Asyik Comp
10775125,pelopor imprt
10780742,tokoindogrosir
10783942,Azza Toko1
10791292,Athena Sheild
10794173,Madani Store1
10798711,Interestingstore
10817666,Dark Horse Official
10834890,Top_Cash
10857082,TOKOE5
10869101,ONE BALANCE
10874744,emwaiwai
10878616,fiveworldaround
10880708,goldensixprown
10893472,CALAZCO JAYA
10896593,jamiljeje
10898064,BUCKETSEVEN
10898490,d&#39;stationstore
10904602,Manaz Medical
10909504,mamipo
10921935,galleri kita
10922156,kaos oke
10923835,Nusantara Perkasa Store
10924255,Toko Maju Mujur
10925827,Eversick
10929315,Manchestercity
10929942,Rodalink Indonesia Official Store
10935883,POKOKyakin99
10943053,Energy Kit
10954380,IMPORTIR SHOPP
10967588,diba centre
10981223,Sigurdr Store
10986732,lintasJAYA
10988539,AMOEBAMUBAL
11002625,Alibabat
11006791,masya11shop
11020203,Astronot str
11020473,PT.BIMA SAKTI
11021074,Apotek Sakinah Cimahi
11024420,Bintang Big
11038969,TOKO TETANGGA ACC
11042466,Jstore_jkt
11052008,Mone Queen
11066002,DitRiza
11074902,Zovin Store
11083576,mumed14
11084485,Agung View
11091061,Cathrine Indotama
11101585,delo52
11107569,embunpagi80
11113801,Can Are Ok FN3
11124222,Adni12
11140231,Erfolg ST0RE
11142150,LINTANKSTORE OFFICIAL
11144550,Parts Expo
11154846,MeryShopp90
11161211,Rizka aromah
11174972,SAGAALFIN
11183893,Michaela Multi Shop
11208820,Nicollaz
11208839,Amaliatul
11208873,AgniaLab
11231305,Prajurit 99
11233243,Ripos Store
11233335,MAHIRA ST0RE
11241171,AROHANA
11255283,JabriksJunior_shop
11270854,Zonexprest
11274228,Culture Style
11276042,anaakRANTAU
11276795,Fashion&#39;s
11278326,TUkatuKu_ae
11286251,santunku
11286690,Kang Storee
11297420,pamongs
11312839,MemeGrosir
11313171,Hits Market
11329374,ThePooh Store
11329706,"88market88"
11330162,LarisPool Store
11333408,TOKOTERLARISSANGAT
11347453,GreennStoree
11408930,Toserba Vrickay
11439278,RIDHO GREEND OFFICIAL
11444039,SEIS DU SHOP
11455920,cartelindo
11470387,Sivini ID
11470419,Fosco Store
11471753,LILAST SHOP
11473306,IjamYamShop
11473479,YuniTifa
11473824,BulanBinari
11474722,CitraKintanShop
11477935,Perabot murah100
11481044,dream house941
11494731,Berkah Jaya Abadi 12
11494800,aksesoris terlengkap 456
11501898,Sumberrezekilancar
11504093,Lingling_OLSHOP26
11516499,lamoraz
11519274,lapakobat new
11520879,Sport Shop Official
11530355,santaybike
11534959,HanifasyahShop
11539574,tulushansshop
11541162,Happy Collec
11541202,Eriana Karine
11543017,JonathanlimShop
11548940,Nature-Market
11549139,ChikalikaShop
11612368,perfecto12
11682173,Apt Sehati Depok
11689982,Waroeng-DnD
11748801,rumah.sehat.
11750495,Setiabudi Jaya ACC
11763296,Dxuu_Optify
11768842,Apotek Victory Farma Tangerang
11819497,Gapura Beauty
11836092,SuperValues
11849316,niajaspen store
11849505,ratnawahyu store
11858161,dinawinata store
11877856,Official Store Inc
11905212,jihansindi store
11923441,signa medika
11930043,JUPITER MARKET
11935046,windiwulan store
11936493,Mega Champion
11936667,Batavia Toolparts
12001284,Hi Cus
12005784,The_Unique
12024631,ayuwulandista
12048370,Kei19
12089843,aeyoungstart
12107640,Verskla
12112518,Elfionalica store
12121633,Vidya Seller
12137032,expansionstore
12140689,melatisofyan store
12140914,afizagania store
12140969,aksanaziel803
12145268,ervinelvano store
12152870,SuryaCitra8
12160750,datangjualbelii
12162989,Graneroshop
12173718,Apotek Makmur Sehat
12181879,DELIGHT MOTO
12197817,Gavyn shop
12218731,rahma67
12245473,NURJANAH SITI
12246136,ranuanas
12250449,SMC168
12277120,bb9shop
12294557,barokahberkah08
12320508,yantijamil store
12325194,Fantastic Olhop
12342676,nadayastore
12342786,ocenashop
12348713,BEKASI HERBAL SHOP
12355670,rakaulung store
12378565,Merdeka ID
12424753,Leonstar335
12425220,fadilsaleh store
12426109,norma_sila
12426397,CendanaCarAcc
12500365,Grosir_ImportBajuMurah
12535438,HMA Medikal Official
12555510,cheryl cheryl
12555608,art shop18
12555665,NATHA LIA
12562165,yoviana99
12600922,DT SHOP INDONESIA
12625045,FUNNY SHOP08
12625224,suwan didi
12631040,lindawati_shop
12657444,Toko V-Yo
12685211,DiyanaSandra
12729390,ryandyan
12739616,growstore23
12740001,kettlebell
12740363,julianzshop32
12804557,Sitilisaa
12879429,Ffdenis
